RFM标签,会员ID,消费金额
重要价值客户,8353.000000,31851045.120000
一般发展客户,24569.000000,8298800.930000
中间客群,22353.000000,21236144.940000
重要发展客户,1976.000000,3775534.980000
重要挽留客户,354.000000,589036.030000
一般挽留客户,11659.000000,1883643.660000
