注册渠道,会员ID,消费金额
企微邀请,6944.000000,6651563.010000
小程序,27272.000000,26830907.990000
App,20961.000000,20514355.600000
门店扫码,10572.000000,10252818.730000
活动拉新,3515.000000,3384560.330000
