门店类型,回本风险等级,门店ID,累计回本率,预计完整回本月数
夜市店,严重,4.000000,0.018700,215.284958
社区店,严重,69.000000,0.015758,322.497768
快取店,严重,170.000000,0.022641,212.456741
商场店,严重,65.000000,0.004542,1210.191348
外卖卫星店,严重,102.000000,0.012610,379.769298
交通店,严重,18.000000,-0.003760,15433.337237
学校店,严重,39.000000,0.015696,298.866319
写字楼店,严重,99.000000,0.015398,287.314373
